"Parameter","ESS","Rhat"
"mu[1]",40965.5911656237,1.00025951551936
"mu[2]",30827.7139176878,1.00007932052184
"mu[3]",35045.1213821074,1.00020670615325
"mu[4]",35464.0044557525,1.00005535210773
"sigma[1]",38810.6641510677,1.00007521210389
"sigma[2]",6371.75969586691,1.00062837750319
"sigma[3]",22886.4365245478,1.00025818228714
"sigma[4]",21873.8221067831,1.00003808350539
"tau[1]",38771.8646446924,1.00004861248766
"tau[2]",6535.40188346562,1.00061174305854
"tau[3]",22720.8858274218,1.00029646027902
"tau[4]",21825.8258543223,1.00004252899916
"rate_school_holiday",31276.48909507,1.00007959065628
"rate_saturday",35042.2873278859,1.00020567762351
"rate_sunday",35701.7997757468,1.00005377980088
