"Parameter","Mean","SD","Q2.5","Median","Q97.5"
"mu[1]",7.19024381625,0.0754810278818659,7.0421775,7.190125,7.33785125
"mu[2]",-0.205326042875,0.0149522430134751,-0.234858175,-0.2052565,-0.176041975
"mu[3]",-0.542269762725,0.0251481193721365,-0.591490075,-0.5423975,-0.49296985
"mu[4]",-0.8849045247,0.0258058899468849,-0.935284125,-0.885079,-0.8341918
"sigma[1]",1.12077180615,0.053464398082523,1.0222095,1.11871,1.2312905
"sigma[2]",0.21686259305,0.0117416000950621,0.195144,0.216423,0.241101025
"sigma[3]",0.37063448375,0.0181413665321877,0.33699575,0.369929,0.4078912
"sigma[4]",0.37722561185,0.01888183949631,0.34224195,0.3765725,0.416112025
"tau[1]",0.801511972375,0.0760992251105127,0.6595966,0.799027,0.957010925
"tau[2]",21.4499677175,2.31575279189456,17.2028975,21.3498,26.2597025
"tau[3]",7.331778093,0.714711665794309,6.0105045,7.3074,8.80546225
"tau[4]",7.080183495,0.706854454251987,5.77537925,7.05185,8.5375525
"rate_school_holiday",0.81447278295,0.0121776467391628,0.790682875,0.8144385,0.838583025
"rate_saturday",0.581610935,0.0146289283764007,0.553501975,0.5813525,0.6108091
"rate_sunday",0.41289105655,0.0106593940343825,0.392473975,0.412682,0.4342251
